{
 "templeR0013": [
  [
   0.9999999980543895,
   -6.182408939239485e-05,
   -8.306796876906551e-06,
   1.091738910620318e-06
  ],
  [
   6.182388418542906e-05,
   0.9999999977838219,
   -2.4701487159388993e-05,
   -1.989869158918775e-06
  ],
  [
   8.308324005457886e-06,
   2.4700973552877953e-05,
   0.9999999996604169,
   -1.1492911694548727e-05
  ]
 ],
 "templeR0042": [
  [
   -0.9998470379537318,
   -0.009192063633585748,
   0.01487973996093647,
   0.018591536611256305
  ],
  [
   0.010130383391769105,
   -0.9978814593929438,
   0.06426482966712294,
   -0.999069877011876
  ],
  [
   0.014257490223905047,
   0.06440573705784808,
   0.9978219405317518,
   0.03903046339956183
  ]
 ],
 "templeR0044": [
  [
   -0.9991478394422941,
   -0.040422097857492026,
   0.008345594202618848,
   0.09286156486588866
  ],
  [
   0.040672234675599064,
   -0.929810317039731,
   0.36578483245340787,
   -4.52063736338596
  ],
  [
   -0.0070259707007960075,
   0.3658125590125003,
   0.9306620264115416,
   0.7137085921285699
  ]
 ],
 "templeR0032": [
  [
   -0.9846087680465485,
   0.0666605005072341,
   0.16156098402146218,
   -1.6164307850697708
  ],
  [
   0.0805871927083602,
   -0.6471098882609267,
   0.7581256471629992,
   -9.073945833588647
  ],
  [
   0.15508474540471007,
   0.7594769056311429,
   0.6317780872709183,
   4.028341989856954
  ]
 ],
 "templeR0034": [
  [
   -0.9825520348318931,
   0.06378316669549726,
   0.1747089193315574,
   -1.7693535014143358
  ],
  [
   0.11242098044086295,
   -0.5446535873552327,
   0.8310920484144886,
   -9.963193883814734
  ],
  [
   0.1481655223202123,
   0.8362321313052794,
   0.5279799243988429,
   5.167143349451728
  ]
 ],
 "templeR0036": [
  [
   -0.9840922105859298,
   0.0182721913991577,
   0.17671629264323843,
   -1.816141407646486
  ],
  [
   0.15837353558055536,
   -0.3604898334594585,
   0.9192197252018074,
   -11.006197975039345
  ],
  [
   0.0805005856613025,
   0.9325841554486353,
   0.35186140554818246,
   7.3698808590286635
  ]
 ],
 "templeR0038": [
  [
   -0.9809971801971117,
   -0.005792287308791194,
   0.1939355095206857,
   -2.032167015058095
  ],
  [
   0.19344417544188514,
   -0.10628362795533897,
   0.9753374500224321,
   -11.635250334385198
  ],
  [
   0.01496273480767199,
   0.9943189829407781,
   0.1053844235676783,
   10.272692763745253
  ]
 ],
 "templeR0015": [
  [
   0.999106346507842,
   -0.04148237898628007,
   -0.008106824371517236,
   0.08781290385762866
  ],
  [
   0.041975824456909616,
   0.951320875832447,
   0.3053303479291713,
   -3.5868480540074907
  ],
  [
   -0.00495363794747903,
   -0.30539777903420434,
   0.9522119816679795,
   0.5016801102207596
  ]
 ],
 "templeR0017": [
  [
   0.9965879213555403,
   -0.08010598222619911,
   -0.019888353874045004,
   0.2241724270671918
  ],
  [
   0.07769842677001132,
   0.8292144121816012,
   0.5535037606988654,
   -6.518660278074747
  ],
  [
   -0.02784725274975178,
   -0.5531604561444153,
   0.8326091761879603,
   1.8570665659383223
  ]
 ],
 "templeR0019": [
  [
   0.9880820069986641,
   -0.15361376358024997,
   -0.009836619551606841,
   0.12716605895440067
  ],
  [
   0.10792379627720927,
   0.645792270300185,
   0.7558470730363704,
   -8.91971411701608
  ],
  [
   -0.10975610070792155,
   -0.7479004982343869,
   0.6546743030684409,
   3.863630591582552
  ]
 ],
 "templeR0021": [
  [
   0.9870198837516767,
   -0.14901984194573842,
   -0.05987349818821219,
   0.7003196143748917
  ],
  [
   0.12336407923621528,
   0.4648215022121827,
   0.8767680850917252,
   -10.391952137673613
  ],
  [
   -0.10282535209289342,
   -0.8727737723990547,
   0.4771717606683107,
   5.990158118894377
  ]
 ]
}